Flow rate level,Flow rate (gpm),Mean friction factor,Reynolds number
Low,1.5,0.04399820434194659,11187.728977855406
Medium,2.5,0.038304731525108236,18646.21496309234
High,3.5,0.0347399432770667,26104.70094832928
