Flow rate level,Flow rate (gpm),Mean friction factor,Reynolds number
Low,1.5,44.11494337957873,7649.150475363819
Medium,2.5,38.406364252213315,12748.584125606367
High,3.5,34.83211766477673,17848.017775848915
