Flow rate level,Flow rate (gpm),Mean friction factor,Reynolds number
Low,1.5,401587.63824208244,80.9433912736912
Medium,2.5,971170.1052308527,80.9433912736912
High,3.5,1726346.8592159639,80.9433912736912
